{
"lengthUnit": "mil",
"components": {
	"fields": ["COMPONENT_NO", "COMPONENT_NAME", "LAYER", "X_COORDINATE", "Y_COORDINATE", "ANGLE"],
	"rows": [
		[1, "C1", "T", 85, -595, 0],
		[2, "C2", "T", 369.57, -854.42, 0],
		[3, "C3", "T", 781.24, -544.86, 0],
		[4, "D1", "T", 1245, -860, 0],
		[5, "D2", "T", 1780, -630, 0],
		[6, "D3", "T", 1315, -595, 0],
		[7, "D4", "T", 1740, -865, 0],
		[8, "L1", "T", 955, -510, 0],
		[9, "LED1", "T", 2145, -555, 0],
		[10, "Q1", "T", 725, -700, 0],
		[11, "R1", "T", 335, -590, 0],
		[12, "R2", "T", 82.28, -859.42, 0],
		[13, "R3", "T", 510, -540, 0],
		[14, "R4", "T", 561.52, -861.07, 0],
		[15, "R5", "T", 1005, -665, 0],
		[16, "R6", "T", 803.69, -913.77, 0],
		[17, "U1", "T", 2150, -790, 0]
	]
},
"pins": {
	"fields": ["PIN_NO", "PIN_NAME", "PIN_X", "PIN_Y", "LAYER", "PIN_TYPE", "NET_NAME", "NET_TYPE", "PAD_SHAPE", "PAD_SIZEX", "PAD_SIZEY", "HOLE_SIZE", "PAD_ANGLE"],
	"rows": [
		[1, "C1_1", 57.44, -595, "T", "SMD", "$1N4", "", "R", 31.5, 35.43, 0, 0],
		[2, "C1_2", 112.56, -595, "T", "SMD", "+5V", "", "R", 31.5, 35.43, 0, 0],
		[3, "C2_1", 342.01, -854.42, "T", "SMD", "$1N5", "", "R", 31.5, 35.43, 0, 0],
		[4, "C2_2", 397.13, -854.42, "T", "SMD", "+5V", "", "R", 31.5, 35.43, 0, 0],
		[5, "C3_1", 753.68, -544.86, "T", "SMD", "$1N8", "", "R", 31.5, 35.43, 0, 0],
		[6, "C3_2", 808.8, -544.86, "T", "SMD", "$1N7", "", "R", 31.5, 35.43, 0, 0],
		[7, "D1_1", 1073.74, -860, "T", "DIP", "+5V", "", "C", 70.87, 70.87, 39.37, 0],
		[8, "D1_1", 1073.74, -860, "B", "DIP", "+5V", "", "C", 70.87, 70.87, 39.37, 0],
		[9, "D1_2", 1416.26, -860, "T", "DIP", "+5V", "", "C", 70.87, 70.87, 39.37, 0],
		[10, "D1_2", 1416.26, -860, "B", "DIP", "+5V", "", "C", 70.87, 70.87, 39.37, 0],
		[11, "D2_1", 1608.74, -630, "T", "DIP", "$1N13", "", "C", 70.87, 70.87, 39.37, 0],
		[12, "D2_1", 1608.74, -630, "B", "DIP", "$1N13", "", "C", 70.87, 70.87, 39.37, 0],
		[13, "D2_2", 1951.26, -630, "T", "DIP", "$1N6", "", "C", 70.87, 70.87, 39.37, 0],
		[14, "D2_2", 1951.26, -630, "B", "DIP", "$1N6", "", "C", 70.87, 70.87, 39.37, 0],
		[15, "D3_1", 1143.74, -595, "T", "DIP", "$1N6", "", "C", 70.87, 70.87, 39.37, 0],
		[16, "D3_1", 1143.74, -595, "B", "DIP", "$1N6", "", "C", 70.87, 70.87, 39.37, 0],
		[17, "D3_2", 1486.26, -595, "T", "DIP", "+5V", "", "C", 70.87, 70.87, 39.37, 0],
		[18, "D3_2", 1486.26, -595, "B", "DIP", "+5V", "", "C", 70.87, 70.87, 39.37, 0],
		[19, "D4_1", 1568.74, -865, "T", "DIP", "$1N13", "", "C", 70.87, 70.87, 39.37, 0],
		[20, "D4_1", 1568.74, -865, "B", "DIP", "$1N13", "", "C", 70.87, 70.87, 39.37, 0],
		[21, "D4_2", 1911.26, -865, "T", "DIP", "+5V", "", "C", 70.87, 70.87, 39.37, 0],
		[22, "D4_2", 1911.26, -865, "B", "DIP", "+5V", "", "C", 70.87, 70.87, 39.37, 0],
		[23, "L1_1", 933.54, -510, "T", "SMD", "$1N8", "", "R", 31.11, 21.26, 0, 0],
		[24, "L1_2", 976.46, -510, "T", "SMD", "$1N6", "", "R", 31.11, 21.26, 0, 0],
		[25, "LED1_1", 2123.81, -555, "T", "SMD", "$1N1290", "", "R", 25.06, 21.26, 0, 0],
		[26, "LED1_2", 2166.19, -555, "T", "SMD", "+5V", "", "R", 25.06, 21.26, 0, 0],
		[27, "Q1_1", 770.28, -737.4, "T", "SMD", "$1N5", "", "R", 39.37, 31.5, 0, 180],
		[28, "Q1_2", 770.28, -662.6, "T", "SMD", "$1N11", "", "R", 39.37, 31.5, 0, 180],
		[29, "Q1_3", 679.72, -700, "T", "SMD", "$1N7", "", "R", 39.37, 31.5, 0, 180],
		[30, "R1_1", 305.34, -590, "T", "SMD", "$1N4", "", "R", 31.75, 34.02, 0, 0],
		[31, "R1_2", 364.66, -590, "T", "SMD", "$1N5", "", "R", 31.75, 34.02, 0, 0],
		[32, "R2_1", 52.62, -859.42, "T", "SMD", "+5V", "", "R", 31.75, 34.02, 0, 0],
		[33, "R2_2", 111.94, -859.42, "T", "SMD", "$1N4", "", "R", 31.75, 34.02, 0, 0],
		[34, "R3_1", 480.34, -540, "T", "SMD", "$1N7", "", "R", 31.75, 34.02, 0, 0],
		[35, "R3_2", 539.66, -540, "T", "SMD", "+5V", "", "R", 31.75, 34.02, 0, 0],
		[36, "R4_1", 531.86, -861.07, "T", "SMD", "+5V", "", "R", 31.75, 34.02, 0, 0],
		[37, "R4_2", 591.18, -861.07, "T", "SMD", "$1N5", "", "R", 31.75, 34.02, 0, 0],
		[38, "R5_1", 975.34, -665, "T", "SMD", "+5V", "", "R", 31.75, 34.02, 0, 0],
		[39, "R5_2", 1034.66, -665, "T", "SMD", "$1N6", "", "R", 31.75, 34.02, 0, 0],
		[40, "R6_1", 774.03, -913.77, "T", "SMD", "+5V", "", "R", 31.75, 34.02, 0, 0],
		[41, "R6_2", 833.35, -913.77, "T", "SMD", "$1N11", "", "R", 31.75, 34.02, 0, 0],
		[42, "U1_1", 2075, -896.26, "T", "SMD", "+5V", "", "O", 22.6, 74.33, 0, 0],
		[43, "U1_2", 2125, -896.26, "T", "SMD", "$1N1206", "", "O", 22.6, 74.33, 0, 0],
		[44, "U1_3", 2175, -896.26, "T", "SMD", "U1_3", "", "O", 22.6, 74.33, 0, 0],
		[45, "U1_4", 2225, -896.26, "T", "SMD", "U1_4", "", "O", 22.6, 74.33, 0, 0],
		[46, "U1_5", 2225, -683.74, "T", "SMD", "U1_5", "", "O", 22.6, 74.33, 0, 0],
		[47, "U1_6", 2175, -683.74, "T", "SMD", "+5V", "", "O", 22.6, 74.33, 0, 0],
		[48, "U1_7", 2125, -683.74, "T", "SMD", "$1N1290", "", "O", 22.6, 74.33, 0, 0],
		[49, "U1_8", 2075, -683.74, "T", "SMD", "$1N13", "", "O", 22.6, 74.33, 0, 0]
	]
}
}